Album,Title,Lyrics
EXIST,Cinderella,"City view that has become more colorful beyond our eyes A door that urges you like a lie A dance that was cut off in an instant, oh-woah-woah  The clock is already twelve (Late) Unbelievably Before the rush of time (No way) No one can stop you  In the waking darkness Ooh, na-na-na you like this I don't want to let you go, Cinderella  La-la-la-la-la-la, Cinderella La-la-la-la, Cinderella La-la-la-la-la-la, Cinderella La-la-la-la, Cinderella  Ayy, turn everything upside down like a fairy tale, uh My heart is already pounding Ayy, it's just you ain't nobody else Break all the rules that confined you (Hold up) You will disappear and I will stay here I don't want a glass shoes Please don't leave me like this (No) Don't break our dream  In this familiar scene (Wait) I lost you in the end So that I won't regret all night (Just wait) I have to change this ending  In the waking darkness Ooh, na-na-na you like this I don't want to let you go Cinderella  La-la-la-la-la-la, Cinderella La-la-la-la, Cinderella La-la-la-la-la-la, Cinderella La-la-la-la, Cinderella  Can't you stay by my side Until the sun rises tomorrow, baby Stay like this forever Cinderella Woah, Cinderella  La-la-la-la-la-la, Cinderella La-la-la-la, Cinderella La-la-la-la-la-la, Cinderella La-la-la-la, Cinderella"
EXIST,Cream Soda,"Each swirl deepens the flavor, babe Feeling parched and a little bit reckless Won't settle for anything less A delightful mouthful  Baby, come closer, a delightful mouthful Never felt this kind of attraction before This tension, like a bottle of cola shaken You're a sparkling drink, pop, already opened Can't think straight no more In front of love, I'm tipsy, baby Pretending to be picky, even if I measure it here and there I just know this tastes too good to be healthy  Uncontrollable appetite A taste that shook my everything I need all ya cream soda The more it melts, the sweeter it gets Take my heart out I need all ya cream soda  Feel that tinglin' (Cream) That silky smooth cream (Soda) Each swirl deepens the flavor, baby (Cream)  Baby go dum dum, shakin' my thinkin' Just a sip, but already brain freezin' Give me that yum, yum, tasty and teasin' Got me wrapped around your little flavor Yeah, sweet like a bon-bon dessert With one sip, instantly dumb, dumb befooled Pumped the brakes, but instincts are so fast Can't stop here, you know I gon' get it, get it  Uncontrollable appetite (Get it, get it) A taste that shook my everything I need all ya cream soda The more it melts, the sweeter it gets Take my heart out I need all ya cream soda  Foam overflowing, fill it up (Oh, fill it up) Top it off gently, get it up (Oh, get it up) Not one drop lost, drink it all It's spreading love so sweet Wanna dive to their depths Your crystal-clear waters so cool it hurts Keep me wanting Thaw your heart just a bit Can I get just a taste of it?  Appetite haunting my heart, got me hooked I need all ya cream soda (Oh yeah, soda) The slower the sip, the sweeter How does it end, I wanna know I need all ya cream soda  So baby, tonight whet my appetite cream soda Feel that tinglin', that silky smooth cream Each swirl deepens the flavor, baby Feeling parched and a little bit reckless Won't settle for anything less"
EXIST,Hear Me Out," Look babe, I like you even more I spread my wings and soar on your love, let's fly together I know I mess up, baby, I can't help it Trying to push me away, just save it for later 'Cause I've been thinking bout some time with you All this is just the beginning for me Want absolutely nothing in return, my baby Gazing at the same skies all night long, my favorite thing Girl, just  Don't think too hard We are only wasting time, love  Hear me out, hear me out, hear me out So what? It's all good Hear me out, hear mе out, hear me out No need to hesitatе Oh, babe, hold me closely Thinking too much messes with your flow You know I don't play games  Never have you shown me Lookin' so good, busy getting ready to leave Treatin' me like this you're teachin' me How to reach you, even clearer now And I can't see you here frustrated To put it bluntly, I need you, baby You know me, why play with words? Instead, I walk the talk, and you'll be mine for the night, yeah  You move back a step Don't try so hard to slip away, my love Just make one thing clear for me Tell me straight and tell it all and then some more Don't try to hide it  Hear me out, hear me out, hear me out (Come on, come on) So what? It's all good Hear me out, hear me out, hear me out (Come on) No need to hesitate Oh, babe, hold me closely (Hold me close, come on)  Thinking too much messes with your flow (Cautious much?) You know I don't play games Your heart's closed (Hesitating perhaps) But hidden inside (No need to hide) Is your truth (Already showing) Tell me the truth (Be real) I'll be the first to fully open my heart to you. Show me yours too  Hear me out, hear me out, hear me out (Hear me out, come on) So what? It's all good Hear me out, hear me out, hear me out No need to hesitate (Hear me out, baby, come on) Oh, babe, hold me closely (Yeah, yeah, hold me close) Feels like we're the only ones in focus (Yeah, see only you) Let's not waste any more time  Gonna be true to every moment Oh-oh-oh-oh-oh So as to not regret a single moment Eh-oh Wherever the heart leads Oh-oh-oh-oh-oh"
EXIST,Regret It,"I'm on your side I-I'm on your side Let's bring it, baby  (Warn, warn, warn 'em 'bout that sign) (Warn, warn, warn 'em 'bout that sign) (Warn, warn, warn 'em 'bout that sign) (Warn, warn, warn 'em 'bout that sign) (Warn, warn) Woo, you started everything (Warn, warn) Woo, I'm ready to risk everything (Warn, warn) Dive in, heh (Incoming)  Tell me, my heart races when I see you Where will you take me? Will you stay anywhere forever? All of my days dive into you I don't want to escape, no way out Just one take down of intensity  So, baby, let me know what you feel right now All I want is you  So don't make me regret it I wish every day was endless My feelings for you Don't let them get lost Don't make me regret it Woo, you started everything (Ooh-woah) Woo, I'm ready to risk everything Don't make me regret it Woo, if you can't stop, just go on Tell me without regrets  (Warn, warn, warn 'em 'bout that sign) (Warn, warn, warn 'em 'bout that sign) (Warn, warn, warn 'em 'bout that sign) (Warn, warn, warn 'em 'bout that sign) (Warn) Tell me without regrets  Amazing, this one-in-a-lifetime thrill As if waking up from a deep dream The feeling of facing the dazzling you Even my restless eyes fall asleep next to you A fleeting flashlight in the endless darkness Make me forget my other thought  So let you know what you feel right now Cut the chase and shine on me  So don't make me regret it I wish every day was endless My feelings for you Don't let them get lost Don't make me regret it Woo, you started everything (Oh) Woo, I'm ready to risk everything Don't make me regret it Woo, if you can't stop, just go on Tell me without regrets  Look, if you leave me, I'll be lost You're like my star in the sky Maybe a little cliché I'll spit out I'm just saying what my heart tells me to As if only you're painting other colors like a lie The black-and-white world is colored by you And it feels good, something's different this time  So don't make me regret it (Oh) I wish every day was endless My feelings for you (Yeah, yeah, yeah, yeah) Don't let them get lost (*Be my light forever*) Don't make me regret it Woo, you started everything (**Ah, yeah, yeah**) Woo, I'm ready to risk everything Don't make me regret it Woo, if you can't stop, just go on (**Regret it**) Tell me without regrets (**Tell me**)  Woo, you started everything Woo, I'm ready to risk everything Dive in, heh Tell me without regrets"
EXIST,Another Day,"Empty your mind of thoughts Leave the past moments behind Will you let go of the unnecessary worries? Let it all flow  I was trapped in yesterday I realize the moment I take a step When I open my eyes again  Another day, as if it's the first time The sun rises again, another day It's totally different from yesterday, everything is new Fill it up as much as you want, whatever you do, it will be good Another day  Day, day, day (Ooh) Day, day, day Day, day, day (Oh, yeah)  All the regrets It's proof that I've been running without rest All of your moments are beautiful The fact that does not change no matter what anyone says You're incredible, uh  I don't know tomorrow, but oh For some reason I'm looking forward to real life Yeah, when I open my eyes again  Another day, as if it's the first time The sun rises again, another day It's different from yesterday, everything is new Fill it up to your heart's content, you can do anything Another day  Yeah, another day This is a new chap A different color every day Both yesterday and tomorrow today Looking back, there is a rainbow in the sky There is excitement in your steps Crescendo Open the window After all worries go with the wind The sunlight hits the dark side of my heart, uh Sunshine on me I'm going to make another day today I'm going to spread it out, it's no problem I'm good (Ooh)  Another day (Another day) Right now (No, no, woah) Too good to stop Hot days and dazzling nights (Another day) Draw a new me at this moment (draw, oh) Another day  Day, day, day (You) Day, day, day (Oh, woah-woah) Day, day, day (Yeah) Another day (Oh) Day, day, day (Another day) Day, day, day (No, no) Day, day, day (No, no, no, no, no, no) Another day"
EXIST,Love Fool,"But it feels like an illusion, approaching you is like touching ice An immeasurable temperature that I like, oh, why? No, no, no, no  The gap between us is different every day Even if sometimes it feels like a bad joke I am always willing to lose to you Oh, my, my, my, my  Even a few short words Will be enough, I want to hear it Get away, get away You can't get away Come to me I will tell you my answer  I feel like a fool I am lost every day Watchu, watchu want Watchu, watchu want I'm filled only with you My heart is full What's going on Give me that truth Gimme, gimme that Gimme that Gimme that truth You make me a fool I like that  Let's go deep into you I'm so into it Let's go a little deeper I'm so into it  Yo, ayy, everyone says they fell deeply Whatever they say, it's okay I don't care, call me love fool I like that description How I appear in others' eyes, is it important? I can't hide anything because it's all of you  Even if you overflow in my hands, it's not enough I want to give you everything The only thing I want to treasure is you Oh, my, my, my, my  I'm trapped in the ocean that is you I want to see only you all day Get away, get away You can't get away Come to me Can you give me your answer now?  I feel like a fool Lost every day Watchu, watchu want Watchu, watchu want I'm filled only with you My heart is full What's going on Give me that truth Gimme, gimme that Gimme that, gimme that truth You make me a fool I like that  Any words are fine Except for one, no, no, no My answer is already decided You can wait if you want Take it slow, as much as you want My next move is all up to you, ah, yeah  I feel like a fool Curious about your everyday life Watchu, watchu do Watchu, watchu do I keep falling deeply, love fool I can't escape What's going on? Give me that truth Gimme, gimme that Gimme that, gimme that truth You make me a fool As if I don't care  Let's go deeper into you Fall deeply Let's go deeper Fall deeply Let's go, we're deeply connected"
EXIST,Private Party,"Yeah, ooh Yeah, yeah, yeah Ayy, yeah  At the end of your gaze Heart explode Crossing an out of control line Reason is ice, everything is cold With only dangerous instincts left A very crowded party, deepening relationship A body led by a heart that I slip into you As if my feet secretly slipped, I am fallin' in to you Eyes that keep meeting It's not a coincidence, the two of us  In an atmosphere covered with darkness (inside) Leave us alone (Leave) Perfect timing comes closer (Yeah) Even the sound of your breath, block (block) Turn the music up Do the same dance The more honest you are, the better drop (Oh) Even if you don't speak We know what's up (Yeah, yeah) There's no reason to be in a hurry  Continue like this Just dance with me Slowly, lips on me Show your true colors Deep breath What can I say? Leave the charade behind Baby, you know what to do  That's my shawty, yeah That's my shawty, babe Let's get it started Our own private party That's my shawty, yeah That's my shawty, babe Touch my body Our own private party, yeah  She likes to party, party (Party, party) She likes to party, party (Party, party) She likes to party, party Our own private party (Uh)  Let me get to romancin' with you Of the countless people in this space We recognize each other, as if it's destiny (Oh-woah) Guess the next thing Two more pulling Under the twinkling lights, you are great Play the feelings you feel honestly (Ooh) Don't try to break this tension So that we can continue to double (Oh)  Stop time Just chance on me On this wonderful night Because it suits you perfectly Just like now What can I say? Let go of tension Baby, you know what to do  That's my shawty, yeah (That's my shawty) That's my shawty, babe (Oh-ooh) Let's get it started Our own private party That's my shawty, yeah (That's my shawty) That's my shawty, babe (That's my shawty) Touch my body (Ooh-oh) Our own private party, yeah  Our own private party, private party She likes to party, party (Party, party) She likes to party, party (Party, party) She likes to party, party (Yeah) Our own private party  Turn the lights down low (Oh) In this intimate moment (In this moment) Baby, girl, the bolder the better (good) It's whatever you want (Oh)  That's my shawty, yeah That's my shawty, babe (Yeah) Let's get it started Our private p-p-p-p-p-party That's my shawty, yeah (Private party) That's my shawty, babe Touch my body (Yeah) Our own private party"
EXIST,Let Me In,"Wait, don't hide from me again Struggling, but even if you sink, it's fine Make your way to me through the waves  I am not much without you Day or night no longer matters Lay this hollow heart upon the waves All this and more I crave  Want to drift off in your soft embrace If possible, hold me and Let me in 'Cause it's blue, your eyes Gotta let me in you're the ocean Everyday I wait  Hey, if you will let me in your heart, deeper I'll go Surf over the high waves Engulf into a trap I'm the one always getting carried away See no evil, speak no evil, try as I may You suck me in, there's no exit Already down in the sunless depths Unfathomably deep and lonely, but You're the ocean current pullin' me down Go ahead and devour me Wherever you want me, I will go  Might as well just let go and flow Give in to the feelings washin' over me Speak honestly, from deep inside Still uncertain of thoughts we have aplenty  Want to drift off in your soft embrace If possible, hold me and Let me in 'Cause it's blue, your eyes Gotta let me in you're the ocean Everyday I wait  Even if everything stops, and I can't see or hear Or breathe, I still make my way to you to you Even if everything stops, put your lips on mine Even if it won't last, let's stay this way, this way  Want to remain in your soft embrace Hold me in the deepest depth, let me in 'Cause it's blue, your eyes (Yeah) Everyday I wait (For you waiting) (Oh)  Sailing against the wind (For you waiting) To the edge of our world (I want you, I want you; To you)  Fall into you, the bluest water (Yeah) 'Cause you're my ocean"
EXIST,No Makeup,"Yeah, yeah Oh-oh No, oh Oh-oh  Your slightly smudged lipstick There is no need to reapply it Allow me to do it myself I want to erase everything (Oh) A heart that's about to explode (Heart) More than any other color Your sensational green light On a long and risky night Cut the strings of reason  Yeah, it seems like its just a little bit tangled Even your hair is beautiful There's just somethin' I love about you  I love you with no makeup on Even the unadorned appearance is beautiful Even if you don't care Above your pretty eyes, nose and mouth A little kiss like La da-da-da, da-da-da Open your heart little by little Show me your honest self So take the makeup off  Turn off all the dazzling lights You will be enough for me, yeah (Yeah) Your mood right now drives me crazy (Only drives me crazy) As the night deepens (Yeah, yeah) Let's just love simply (Let's love) Babe, before this breath vanishes into thin air  Yeah, at the moment our eyes collide Even time seems to have stopped And that's somethin' I love about you  I love you with no makeup on (Yeah) Even the unadorned appearance is beautiful (Yeah) Even if you don't care Above your pretty eyes, nose and mouth A little kiss like (a little kiss like) La-da-da-da, da-da-da (La, da-da-da) Open your heart little by little Show me the honest you (Show you) So take the makeup off  Slow down, baby, please Take it all off if you want Our feelings for each other became even more certain, oh-woah-woah (Each other's feelings) The more honest The reason why my heart flutters (You you, you) The answer is you, oh  I love you with no makeup on (Ooh) Even the unadorned appearance is beautiful (Yeah) Even if you don't care (Oh) Above your pretty eyes, nose and mouth A little kiss like La-da-da-da, da-da-da (Ooh) Open your heart little by little Show me the honest you (show me, no) So take the makeup off  Yo, uh, in this moment, openly Show me the real you Baby, you don't need no makeup Uh, we can be more relaxed and natural Laugh together Baby, you don't need no makeup (Ooh) Please in front of me I hope you can be the most like you, no-no (Oh-oh) So take your makeup off"
LOVE SHOT,Tempo,"I’ve been waiting for this feeling (Oh-oh-oh) I wanna be the only one hearing her, she's my melody All day, go on and on and, oh So she won't leave, I want her by my side (Yeah, uh)  Don’t mess up my tempo (Tempo, yeah) Listen, this will be enough (Nah) I said don't mess up my tempo This beat will steal her heart, uh It's one of a kind To the rhythm, one, two, three, uh (Yeah) Don't mess up my tempo Can't stop this attraction (Oh)  You're so charming, you're lovely There's nothing separating us Heart beat becoming unstable Just close your eyes trust me (Woo)  Get ready ahead of time to go out, are you ready? I’m going to rule the city today and bring the sparks You’re already out, why are you so shy, ma boo? Don't stutter, you don’t have to feel awkward You don't have to bring anything, just hold my hand my lady Every road we walk on is a red carpet and a runway The way you walk is so unique Match the speed now, tempo  Baby girl, your wake-up call in the morning makes me flutter I'm missing you even though I see you every day From right now, you and me, let's get down Everything is perfect, I like it So don’t slow it up for me (Uh)  Don't mess up my tempo Listen, this will be enough I said don't mess up my tempo This beat will steal her heart, uh It's one of a kind To this rhythm, one, two, three, uh Don't mess up my tempo Can't stop this attraction  Look around lovely There's nothing separating us It's fixed on you, this heart beat Do as you want, teach me (Uh, ooh-ooh)  This is my area, don't test me Send me a message if you don't want to be by yourself Now you got me flexin' Look around The Great Gatsby in that crew that's watching you (Hold on, wow) I'm doing alright baby girl you don't know Get rid of that question mark above your head I don't use the word L.I.E You're already naturally following my tempo  Baby girl, leaning on my shoulder Your scent is inside my heart Striking like a wave I want to be forever like this So don't mess up my tempo, baby Don't slow it up for me  Don't mess up my tempo Don't mess up my tempo Don't mess up my tempo Don't mess up my (Whoa-oh) Don't mess up my tempo Don't mess up my tempo Don't mess up my tempo  Look into my eyes and tell me So that I'm the only one that can hear it Say that you love only me Say that I'm the only one So that you won't falter anymore So that no one can take you away So that no one will be able to touch you I will protect you from beside you  Dum-dum-dum-dum Dum-dum-dum-dum-dum Can you feel my heart? Surrounding and hugging me, you're my one and only savior Oh, oh, oh, oh Everyone's looking at you  I can't believe, I can't believe, I can't believe I've been waiting for this feeling I want to be the only one hearing her, she's my melody All day,go on and on and, oh So that she can't leave, keep her by my side  Don't mess up my tempo Listen, this will be enough I said don't mess up my tempo Totally different kind of beat, uh You can't find it elsewhere This is perfect, one, two, three, uh Don't mess up my tempo Can't stop this attraction"
LOVE SHOT,Sign,"Your face when you used to love me Even if you hide it, it becomes clear How you’re changing a bit at a time I want to hear the truth now Why do you keep heating around the bush round Yeah, even if you act like it’s not, already I can already see through it all  Like sand, the tighter I hold on The more you scatter away  Our gazes missing each other Doubts spreading in a way we can’t stop Hiding a secret, your sign sign sign Now stop it, don’t lie lie lie It might set off a firework that will burn it all down The words you thoughtlessly said to me, I know It’s all a sign sign sign  Honestly you da true Honestly you da true Body talk when you move Body talk when you move  Air trapped in the silence I’m anxious, like walking on ice Stop this endless nightmare Before it’s too late The answer I’m waiting for You already know it Don’t even think of letting it slide Just push me away instead  The few slivers of hope I had Are all broken apart  Our gazes missing each other Doubts spreading in a way we can’t stop Hiding a secret, your sign sign sign Now stop it, don’t lie lie lie It might set off a firework that will burn it all down The words you thoughtlessly said to me, I know It’s all a sign sign sign  In the end you’ll be trapped In the secret room made of all your excuses You keep getting caught in your own traps Ringing a bell in your head, like ting You were too late to realize, yah My heart that was only for you Turns into nothing but a pile of ash So you can’t bring me back I threw away all my memories of you And it’s all a sign that this is the end  We went the wrong way The fire spreading in a way we can’t stop One by one, showing your sign sign signs (One by one, I see your signs) In the end, I found your lie lie lie (Your lies that keep showing) Saying that you love me might Even burn down our break up, oh no So now I’ll say bye bye bye  Honestly you da true Honestly you da true Body talk when you move Body talk when you move Honestly you da true Honestly you da true Body talk when you move Body talk when you move"
LOVE SHOT,트라우마 (Trauma),"La la la la la la La la la la la la La la la la la la The long-lived villain in my heart Who pierced my heart countless times My memories a guideline To the brutality to be imposed on me Once I’m about to forget, it comes again, oh yeah Like what you’d see on a familiar screen, oh yeah The wounds come back to life I try to avoid them but get hurt every time (My heart gets hurt) I know, it can’t just be me Yeah, it can’t just be me A small door, past my memories (that I’d locked shut) Is endlessly re-opened (now I leave it open) I take in a breath (and another deep breath) Until l can catch my breath Something I could throw away in my memories Something I could let myself forget Shake it off, just like that, it’s not much at all Until I forget, until the end Something I could throw away in my memories Something that now is not much at all I only take in my toxic memories Growing more deeply embedded in my heart They force me further, corner me Even my habitual self-blame Even the things I couldn’t help, oh yeah The things deeply overgrown around me, oh yeah Cut them off, without exception Leave nothing behind (without hesitation) This is the best thing I can do for myself With a sharper gaze A small door, past my memories (that I’d locked shut) Is endlessly re-opened (now I leave it open) I take in a breath (and another deep breath) Until l can catch my breath Something I could throw away in my memories Something I could let myself forget Shake it off, just like that, it’s not much at all Until I forget, until the end Something I could throw away in my memories Something that now is not much at all La la la la la la La la la la la la La la la la la la La la la la la la Inside the always endless darkness, I turned on a light I’ll open the door locking me in even further Jump on the scene, hit you with the lean I felt an excitement with my lightened heart The nightmares that endlessly woke me from my sleep Disappear as I count to three I let my heated insides burn Making my day feel much Iighter Surpassing the moment Making it past the walls that held me in Watch closely, in front of me The traumas of yesterday fall apart Until I could erase the memories, oh yeah Of being endlessly out and hurt, oh yeah I needed some time I put up with so much more (I overcame it, yeah) I draw the sun to myself Oh, and change begins A small door, past my memories (that I’d locked shut) Is endlessly re-opened (now I leave it open) I take in a breath (and fill you anew) Filling my heart Something I could throw away in my memories Something I could let myself forget With the wind beginning to blow anew Let it blow further, and further I overcome it as I’m about to show them How my gaze is changing La la la la la la La la la la la la La la la la la la La la la la la la"
LOVE SHOT,가끔 (With You),"It almost feels like I’m looking at you You’re like everything that shines bright When the night sky grows dark The whole world is sparkled with light Naturally you grab my hand And before I know it you start sparkling with my colors Sometimes I think When I see you laughing brightly That your eyes and lips and everything else Seem to look like me It’s like your pitch black eyes take in my light And shine just as brightly as I do Sometimes I see myself when I look at you Tonight it feels like I won’t be able to sleep But I never knew it would feel this nice Especially when I’m able to spend time Imagining you, yeah We talk all night long Asking about how each others days were And when you say this is the best part I shine even brighter thanks to you Sometimes I think When I see you laughing brightly That your eyes and lips and everything else Seem to look like me It’s like your pitch black eyes take in my light And shine just as brightly as I do Sometimes I see myself when I look at you Every single day I’m looking after you And you’re looking at me And like a mirror every expression Aven the way you speak, feels like it’s me Bit by bit you and I are becoming one Wondering what I seem like in your world Like a habit, I find myself in your eyes The night grows late as I stare at you And I want to stop time To keep you in my eyes even longer, for me Sometimes I think When I see you seeming like me That every single small thing Was me being like you Promise me now When all the lights are gone That just like tonight You’ll forever be shining with me Love you"
LOVE SHOT,Gravity,"Woo-uh, woo-uh Na-na-na-na Da-da-da-da  You'll love me forever That’s what you said, that's what you said to me Those words linger around me So how could I let you, let you go, baby?  I know that's not the case, that it’s over But I still keep, still keep Holding onto you with the same force You try to leave me with  You said I was your future Am I now just your past? You said you only love me, that your heart Would forever stay by my side So I gave you my everything And now you're leaving me I'm still waiting for you, my heart will always Draw you in like gravity  Your way of speaking, sentences, words I remember every single one of them The you of back then is still lingering around me So how could l let you, let you go, baby?  The ‘lie' hidden in the word ‘believe' I didn't see it And now I still, I still Am tricking myself into thinking It's a lie that you lied to me  You said I was your future Am I now just your past? You said you only love me, that your heart Would forever stay by my side So I gave you my everything And now you're leaving me I’m still waiting for you, my heart will always Draw you in like gravity  (Yeah, uh) The bet I placed on you failed in the end A race I was running on my own Honey, look at me now All that comes back is an echo without answer Swirling around my head You left me behind you, falling apart And I’m scared I'll be left to drift without you  If it’s for you I have the strength to move anything, you know that But I can't do anything to your heart Gravity, gravity, gravity  Yo, your weight, still drawing me in Continuously swallows me whole As time passes the wounds increase And even our good memories hide their traces Your figure left in my mind is just a lie So what should I believe? I can't be sure, never again And I'm left yelling out after your back Lingering  You said I was your future Am I now just your past? You said you only love me, that your heart Would forever stay by my side So I gave you my everything And now you’re leaving me I'm still waiting for you, you know how I feel I trusted you, and then..."
LOVE SHOT,닿은 순간 (Ooh La La La),"And once again, you’re staring at you That smile is a bit too much for me Filled with an ease leaving me to burn I can’t breathe when I see your eye smile It seems like you know that’s your charm Yeah, yeah, yeah  La la la la Your eyes are whispering to me La la la la It’s like they’re asking me to approach  Ooh la la la, please allow me Ooh la la la, into your imagination I’ll go right in, so let me in I’ll dance in your eyes Ooh la la la, the moment our gazes meet  Right now, in this moment, the space between us Is filled with this strong trembling Becoming a rhythm and drawing me in Let your body move to it however you’d like Yeah, she knows An odd smile that doesn’t let on Seeing through the curiosity driving me on And sending a sign Yeah, yeah, yeah  La la la la It’s like you’re telling me to open the door La la la la (Yeah yeah) To your slightly open heart and come right in  Ooh la la la Please allow me (Yeah me) Ooh la la la Into your imagination (In your imagination) I’ll go right in, so let me in (Yeah) I’ll dance in your eyes (Dance) Ooh la la la (Yeah) The moment our gazes meet *(Yeah, yeah, hey)*  Should I really try making a move now? What should be the first thing l say? The moment l hesitate, thinking it over You get up and walk away Even as I look at your bold back from far away Your slow pace is telling me to follow Girl just tell me what you like It’s like you’re telling me to hurry  Ooh la la la Please allow me (Allow it) Ooh la la la Into your reality (Whoa, into reality) I’ll approach you, so hold on to me (Oh) Tell me that you were waiting Ooh la la la *The moment l reached you* (The moment it touched)  Ah hoo, now I approach you Ah hoo, you and I have grown closer"
LOVE SHOT,Love Shot,"Your piercing voice is so suffocating Oh-oh-oh-oh-oh Aye-ye  With your eyes closed shut Our hearts closed off and stubbornly set in stone Refusing to acknowledge it all  Ah I’m burning up It’s so suffocating, I’m about to burst I’m so thirsty Fill this cup up To the brink On this dangerous night I  It's the love shot Na, na-na-na, na-na-na-na Na, na-na-na, na-na-na Na, na-na-na, na-na-na-na Oh-oh-oh-oh-oh It's the love shot Na, na-na-na, na-na-na-na Na, na-na-na, na-na-na Na, na-na-na, na-na-na-na Oh-oh-oh-oh-oh It's the love shot  Mixed up love and hate My cherished memories Are losing their color And slipping away slowly  It’s deepening day by day, calm down (Calm down) Those hurtful words (Words) And damaged heart, where is love? Yeah-yeah-yeah-yeah  I tried to avoid it all I've tried everything but I can't deny love Too much ego satisfied my hunger And left me with no compassion Let's try filling it all up again  It's the love shot Na, na-na-na, na-na-na-na Na, na-na-na, na-na-na Na, na-na-na, na-na-na-na Oh-oh-oh-oh-oh It's the love shot Na, na-na-na, na-na-na-na Na, na-na-na, na-na-na Na, na-na-na, na-na-na-na Oh-oh-oh-oh-oh It's the love shot  People come and people go You and I are standing here Gradually getting used to these muted emotions  My heart is burning up I'm parched In trust I'm filling up this void with you Lighting up a fire in my lifeless heart, yeah  It's the love shot Na, na-na-na, na-na-na-na Na, na-na-na, na-na-na Na, na-na-na, na-na-na-na Oh-oh-oh-oh-oh It's the love shot Na, na-na-na, na-na-na-na Na, na-na-na, na-na-na Na, na-na-na, na-na-na-na Oh-oh-oh-oh-oh It's the love shot"
LOVE SHOT,24 7,"As expected I'm tossing and turning all night long For the first time I wonder whether I’m weird Why does this feel so different to me? The countless days I spent alone This air I had grown used to In one moment it pushes right in Like the light of the yellow lightbulb in my room You warmed me up I think about it 24/7 Even if I text you “sorry”, you aren't calling me I think about it 24/7 I can't shake this empty feeling It’s a long day ooh ooh I dream next to you ooh ooh You're all I think of 24/7 I'm burning up, going crazy, dying slowly You're stuck in my head And ice is stuck in your heart What did you think of all day long? Now it's time for me to hurt Why are you fine all on your own Saying you're not missing out? You know everyone tells you you're too cold Thinking you're too good for everyone else You know it’s not nice, so you want to fix it Even though it’s just you not being good to me You're not cold, you’rejust bad to me I think about it 24/7 Even if I text you “sorry”, you aren't calling me I think about it 24/7 I can't shake this empty feeling It's a long day ooh ooh I dream next to you ooh ooh You’re all I think of 24/7 I'm burning up, going crazy, dying slowly The love movie scenes seemed so cliche So why were you smiling at all of them? I've changed since this started And you put up with that too, didn't you? I have nothing And now I let the tears flow I can't take a day, or even an hour I miss you so much I think about it 24/7 Even if I text you “sorry”, you aren't calling me I think about it 24/7 I can't shake this empty feeling It's a long day ooh ooh I dream next to you ooh ooh You're all I think of 24/7 I'm burning up, going crazy, dying slowly 24/7"
LOVE SHOT,여기 있을게 (Smile On My Face),"Even now those are still pretty vague Even your name that I kept following isn’t appearing That day was so clear Maybe you’re a heartbreaker I’m sure you made my heart hurt If you look at me like nothing happened Then I guess everything’s fine now I just happened to meet you You’re like that again in white disappearance You pass by just like the wind You disappear naturally I did it all with a smile on my face The traces have disappeared in my memories Maybe they’ll come back to me But I’ll just smile and send them back I did it all with a smile on my face No one has to be hurt I don’t grab onto you as you go away I want to send you off with a smile With a smile on my face I stood there blankly for a long time I weakly look at you who is far I don’t understand why I’m like this Just like the day, I let you go I asked you “Why?” But you just hugged me without saying anything That was when I knew it was our end That’s how you got far away Actually, everything about you is so clear Your name, your eyes, everything (Your eyes, everything) The memories of me loving you They just bury inside my heart naturally I did it all with a smile on my face The traces have disappeared in my memories Maybe they’ll come back to me But I’ll just smile and send them back I did it all with a smile on my face No one has to be hurt I don’t grab onto you as you go away I want to send you off with a smile With a smile on my face If you want, I’ll just stay, I’ll just stay Here like this, I’ll just stay, I’ll just stay"
LOVE SHOT,오아시스 (Oasis),"I thought that was the whole world Breaths quickening Eyes busy searching for the answers My lips are drying out On this endless road  We'll go a bit further, even further On this road with a long way to go still Runnin’, I'm runnin' Chasing the sun For a long day  Run, run Run, run  I realized that every man-made road eventually comes to an end And there’s you, asking me for the answer You go your own way, you don't have to stop Don't keep track of our direction The more we wander, the thirstier we get, yeah, yeah Past the red desert We've found an oasis  And we go further, even further On this road with a long way to go still Runnin', I'm runnin' Chasing the sun For a long day  Run, run Run, run  We'll go further, even further Finding a road never taken before Runnin’, I’m runnin' Chasing the sun Yeah, I’m on the road  I'm thirsting for somewhere Somewhere even further With this burning thirst, oh  We'll go further, even further Finding a road never taken before Runnin', I’m runnin' Chasing the sun For a long day  Run, run Run, run  We'll go further, even further Finding a road never taken before Runnin', I'm runnin' Chasing the sun Yeah, I'm on the road  Run, run (I'm on the road) Run (Yeah), run Yeah, I'm on the road"
LOVE SHOT,Wait,"I'm thinking of you My world is filled with you Can you remember? How we were so excited this time of year, babe In the white season that seemed to shine brighter that year It blew in the past that shut window Could you understand how I feel as I stay in place Imagining you all day as I wait It looks like it could snow (already, look outside) You can't be too late (promise me) So I don't accidentally miss you on my way Now all I do (all I do) All I do is wait You got cold so easily Telling me you were used to catching colds But I hope this winter will be kind to you You know, that's one of my wishes, baby Why do I miss you so much more today? I hesitantly looked through memories of you And it's bearable, because in the pictures Your face is smiling back at me It looks like it could snow (already, look outside) You can't be too late (promise me) So I don't accidentally miss you on my way Now all I do (all I do) All I do is wait I'm waiting for you, wait I'm waiting for you, wait I'm waiting for you You It looks like it could snow You can't be too late (promise me) So I don't accidentally miss you on my way Now all I do (all I do) All I do Oh all I do (all I do) All I do All I do All I do is wait"
LOVE SHOT,Damage,"Yo yo damage damage Damage damage damage damage Yeah okay okay With a blank face you spit out another lie Even knowing so, I’m shaken like it’s a habit I can’t breathe, indulged in our memories Faced with this deepening feeling of being lost My beliefs collapse A lie birthed by another lie How much of it was actually you? I keep just sighing The scene in front of me grows blurry Unknowingly in the dark night You would give me the slip And the anxiety is too endless To just consider it a nightmare In the end you wake me up in the darkness Even if I try to hold on It’s all your fault You hurt me and keep making me hurt It’s all your fault that the damage grew You set off my flares (Every moment) And the damage is too big to go back You messed it up, and the darkness fell again It’s all your fault that caused this damage The moment you realize it went too far I’ve already left you far behind, da-damage Damage damage damage dam The regret will get to you Look how I’ve run out of patience My expectations and obligations to you run dry Wounds growing deeper the more we drew it out You’ll feel it once I leave Answer me, uh Your true feelings hidden behind a faint smile And now my heart is no no Tonight the nerve wracking darkness And the painful memories rage in my mind In the end you wake me from the chaos Even if I try to hold it in It’s all your fault You hurt me and keep making me hurt It’s all your fault that the damage grew You set off my flares (Every moment) And the damage is too big to go back You messed it up, and the darkness fell again It’s all your fault that caused this damage The moment you realize it went too far I’ve already left you far behind, da-damage It’s all over We can’t go back, no no no If I could meet someone else And fall in love, yeah The more I think about it The wounds in my heart deepen and I know That I can’t have any other love E.X.O It’s all your fault (Baby all your fault) You hurt me and keep making me hurt It’s all your fault that the damage grew You set off my flares (Every moment) And the damage is too big to go back You, the darkness overlaps and overlaps again It’s all your fault that caused this damage In the end it was me, but I’ve already left you far behind, da-damage Damage damage damage dam (No) Damage damage damage dam (Yeah yeah) Leave you behind, leave you behind Da-damage"
LOVE SHOT,후폭풍 (Bad Dream),"You blow in on it At some point, at some point Even if I try to catch some sleep It runs further away from me All of my good memories Are dyed in the color of regrets I can't believe you’re not here with me The clock sounds even Iouder than usual After turning the lights out, if I lay down And close my eyes, it quietly blows in Woo, I think this is you You start flying all around me Woo, the empty sound of the wind Gradually becomes a storm It was too quiet, and so the bad dreams Come to me as if to swallow me whole I'm paralyzed, unable to move Trapped inside of you raging around me All of my feelings, all at once Our break up, all at once Strike me now, all at once I'm inside of you as you rage around me I said goodbye, thinking that was the only choice Putting an end to it Someone please just stop me back then Oh no no no Even if I say that wasn’t how I really felt Your heart is probably all closed off now Blowing past the point of no return Your sharp breath stabs into me Woo, I think this is you You start to hurt me Woo, and only now Do I realize that it's really over It was too quiet, and so the bad dreams Come to me as if to swallow me whole I'm paralyzed, unable to move (So I can't see) Trapped inside of you raging around me All of my feelings, all at once Our break up, all at once Strike me now, all at once I'm inside of you as you rage around me Realizing I'm unable to let you go After all this time Even if you know this is happening, act like you don't It feels like just yesterday Even if time has passed, you're drawn in my mind And spread It was too quiet, and so the bad dreams (Bit by bit to me) Come to me as if to swallow me whole (Come ti me as if to swallow me) I’m paralyzed, unable to move Trapped inside of you raging around me (Trapped inside of you) All of my feelings, all at once Our break up, all at once Strike me now, all at once (Now here baby) I’m inside of you as you rage around me I told you to live well Told you to forget me I want to, too But it won't go as I like I’ll use all my strength to make it through And when the wind calms I'll smile like you used to Oh yeah yeah yeah Yeah yeah yeah"
The War,내가 미쳐 (Going Crazy),"I'm running out of breath, it’s killing me My scars are getting deeper, it keeps hurting (But it was you) I remember the nightmare of that day But it's not like that this time You're fading away Don’t know what you want The fog has lifted and things get clear All the lies pass by like a reel of film I hate you Woo, I'm going crazy Only a thick scar called you remains Not even able to erase it I'm going crazy Your face looks like nothing's wrong Baby, won't you stop? Your excuses are useless You drive me crazy The moment I blink, I get cut At the tip of your sharp tongue, just one moment My eyes, ears, hands, feet, so much more What have I seen and heard till now? Is my body even my own? I can't control it The fog has lifted and things get clear All the lies pass by like a reel of film I hate you Woo, I'm going crazy Only a thick scar called you remains Not even able to erase it I'm going crazy Going crazy (Go go going crazy) My heart is racing as if it’ll explode I wanna know what’s next Adrenaline rush, spreading all throughout my body Don't know what you do to me Oh The decision my rationale tells me is just one But my heart is shaking Call me crazy but I still want you Up and down like a rollercoaster Have I not learned my lesson yet? I’m falling into a tornado filled swamp I'm flailing, three times, four times, keeps repeating I hate you Woo, I'm going crazy Only a thick scar called you remains Not even able to erase it I'm going crazy Going crazy (Go go going crazy) I hate you Woo, I’m going crazy Upside down, you flip me inside out I can't stop now I'm going crazy"
The War,소름 (Chill),"I feel strange, oh no A silhouette appears in the faint light Then my body hardens If not now I can’t ever escape from you I try running away with all my strength But I can’t What I do do do do do You’re beautiful that’s why I’m afraid A deep trap, you’re looking at me I’m already tied up And going to you When I see you, when I see you I keep getting chills I’m feeling something way more dangerous than love Coming right at me Your face is something between Expressionless and a child’s smile That risky difference of temperature Will I be able to handle you? You’re beautiful that’s why I’m afraid A deep trap, you’re looking at me I’m already tied up And going to you When I see you, when I see you I keep getting chills Yeah I like darkness, the thicker it gets Because it shows all, Show ya (Show ya) Babe (Show ya) Yeah, don’t smile like that When I see you, feels like you’re reading my mind I keep getting chills I try pushing you away with cold words But you can’t be pushed My heart keeps wanting you You keep digging into me as if I’m already addicted Like a maze, there’s no exit I try running the opposite way but in the end I go to you You’re hovering over my head like blanche Your touch passes me, bewitching me Though I know it’s a bit dangerous I can’t escape, you’re like caffeine Now I have to accept it Your eyes, body, words, voice, everything I can’t escape When I snap out of it I find myself calling out to you You’re beautiful that’s why I’m afraid A deep trap, you’re looking at me I’m already tied up And going to you"
The War,너의 손짓 (Touch It),"No word can replace you No need, no word can express you Don’t need anything else, just need you Nothing else, yes, only you Your breathtaking silhouette You’re as beautiful as a painting Even your smallest movements That drive me crazy When you softly brush back your hair Your sexy hand gesture, baby Your hand gesture It’s obvious I want you Lost, hand gesture, baby My hand gesture Ay and she goes like Nana nana nanana Nana nana nanana Ay all the girls go Nana nana nanana Nana nana nanana Oh yeah You’re in front of me right now, feeling good now (Feeling good now) Yeah I’m feeling good now My head goes boom, what should I say? What what, my head isBlack out uh You drive up my imagination Drawing out hundreds of images of you All your small movements are like your voice When you softly brush back your hair Your sexy hand gesture, baby Your hand gesture It’s obvious I want you Lost, hand gesture, baby My hand gesture All my ladies say yeah Nana nana nanana Ay with one voice, feel me Nana nana nanana All my ladies say yeah Nana nana nanana (Yo yo) Sing it again Nana nana nanana No need to have A great reason Even with your little hand gesture You squeeze and shake me (Shake me babe) Oh you got what I want (Ay ay) I only need you (That’s all babe) Oh you got what I want (Ay ay) I only need you by my side I don’t wanna regret it I can’t help myself I try to act indifferent Try not to make it obvious But without knowing, I’m falling for you Without knowing, your two eyes Are looking toward me Did you think I wouldn’t notice? (Tell me if you want me) When you softly brush back your hair Your sexy hand gesture, baby Your hand gesture It’s obvious I want you Lost, hand gesture, baby My hand gesture Sing it, sing it baby Nana nana nanana Nana nana nanana Nana nana nanana (Ay) C’mon c’mon do it again Nana nana nanana Be with me Nana nana nanana (Your white hands) Sometimes tempt me Sometimes act indifferent (Oh) Your hand gestures Takes my breath away (Show me more of you) Oh as if I’ll pass you by (Watch it baby) As if I’ll approach you (Watch it baby woo) My hand gestures Make you stop"
The War,Forever,"You could be the moonlight Just like this, let’s be forever, forever Forever Forever Girl you know you got me up Believe me, my heart is racing like crazy That’s all mine Yeah, I was wandering and Found the pin ball Make me feel so, nothing can Compare with how you make me feel Even if we can’t find the edge of this universe It’s strange, because I can feel you No matter wherе you are ‘Cause you You could be my only star You could bе the moonlight You’re all I need in my world forever I run to you, through the darkness I’ll hold you close to me through this crazy race Let’s make it forever, ever Don’t disappear, this is the end for me We’ll never find a love like this again Don’t break my soul Your gaze, words, and everything forever Forever When the morning finds us I’ll cover you warmly with my whole body Hold me close to you, too Even if the sun rises, without you I’m cold (No matter where you are) Even if I’m soaked in rain, I’m thirsty thirsty I run to you, through the darkness I’ll hold you close to me through this crazy race Let’s make it forever, ever Don’t disappear, this is the end for me We’ll never find a love like this again Don’t break my soul Your gaze, words, and everything forever Only let me see you Come into my arms so nobody can touch you Let me hold you Just like this, let’s be forever, forever Forever Forever Yo, nice skirt You push me up to the mound Pitcher go, she’s the baddest one around the town Put it to work, you shine like metal In front of her, I can’t help but be shallow She gets it all, she’s tonight’s top celeb Hit me and we’re going hard Now it’s official, let everyone know you’re mine Something completely raw Hold up, I let go of it all You’re all I have left Let’s take this to the end, rock and roller We have the same fate, the quarter’s already been tossed You’re the controller that moves me Feel our soul, forever, I’ll run to you I run to you, through the darkness I’ll hold you close to me through this crazy race Let’s make it forever, ever Don’t disappear, this is the end for me We’ll never find a love like this again (Never find a love like this again) Don’t break my soul Your gaze, words, and everything forever"
The War,기억을 걷는 밤 (Walk On Memories),"Unknowingly waking you up with a whisper like a kiss Your eyes slowly open filled with dreams And you smile at me like you’d been waiting, yeah I lightly sit next to you and say hi I want to try to go back to that beautiful time Following the faded memories I’ll come take you away tonight We walk along this exciting path together Covered in stars shining white Before the sleeping world reflected clearly In your eyes opens its eyes So nobody knows Do it, do it, do it, do it, do it, do it Walk all night long Do it, do it, do it, do it, do it, do it This path spreading out wherever we reach I want to walk along it with you on this beautiful night I pass through the tunnel of time I spent longing for you And was given another chance to return to you You’re just like you are in my memories Both your lovely voice and your eyes like dawn I lightly kiss the back of your small hand I want to try to leave on a new journey Following the melody I can hear clearly from far away I’ll come take you away tonight We walk along this exciting path together Covered in stars shining white Before the sleeping world reflected clearly In your eyes opens its eyes So nobody knows Do it, do it, do it, do it, do it, do it Walk all night long Do it, do it, do it, do it, do it, do it This path spreading out wherever we reach I want to walk along it with you on this beautiful night As the end of this path draws closer When an old prayer reaches us The tomorrow we’ve dreamed of Will spread out brightly in front of us Blinding, golden sunlight spills over us And you’re so beautiful, shining brightly (Shining brightly yeah) That I keep my eyes on you and take it all in Before this sleeping world opens its eyes Now open your eyes Do it, do it, do it, do it, do it, do it Don’t forget Do it, do it, do it, do it, do it, do it Someday I’ll want to walk by your side Along this path on A beautiful night A beautiful night"
The War,What U do?,"Without warning, you came into my arms If you tease me, however you want Like a fool, I start to smile How can I explain you? You’re different, you, so much, you All your laughter and even your habits They’re all so lovable, say yeah What U do? Like this, I love you What U do? Got me like, got me like Love you right Baby, time for just us two What U do? Like this, I love you Never change any part of you Always look at me with those eyes No need for a reason I just need you alone Baby we can go higher Your thoughts and long talks Sharе them, you, only to me, you I wanna wrap around you tonight Carefully, say yеah What U do? Like this, I love you What U do? Got me like, got me like Love you right Baby, time for just us two (Let’s stay up all night) What U do? Like this, I love you Who are you? You make me dizzy Baby you’re so beautiful Come closer, so I can feel you more I wanna go closer What U do? Like this, I love you What U do? Got me like, got me like Love you right Baby, time for just us two (Let’s stay up all night) What U do? Like this, I love you I love you Love you right Let’s stay up all night, what I love you, I love you Yeah yeah ooh ooh"
The War,Ko Ko Bop,"Let your guard down, down Don't be embarrassed I work my way into your dizzy heart Spread through you softly, like something familiar  (Ah-ooh) It's a calm night (Ah-ooh) A night all for you Unable to help it, I fall for you, yeah, yeah I get drunk on your movements, yeah, yeah Forget what you knew about me today Hidden instincts shimmy up  It goes down, down, baby Leave your body to the rhythm It goes down, down, baby Let it go and scream Oh-oh, oh-oh, oh We go oh-oh, oh-oh, oh  We goin' ko ko bop (Hey!)  Shimmy-shimmy, ko ko bop, I think I like it Bit by bit, let it down, down Don't be shy, don't mind what anyone says Just be beautiful like you are right now I want time to stop like this, baby, are you down?  (Ah-ooh) It's our last night (Ah-ooh) A night just for us Don't be nervous and come to me, yeah, yeah Leave it all to me, yeah, yeah Slowly losing control, let it all go today Don't care what anyone else thinks, shaking up  It goes down, down, baby Leave your body to the rhythm It goes down, down, baby Let it go and scream Oh-oh, oh-oh, oh We're oh-oh, oh-oh, oh  Break it down now (Hey!) We go down now (Listen!)  In the deep night you shine even brighter Your eyes (Yo-yo) tell me everything (Yo-yo) I want you on this great night (Uh, uh, uh, uh, uh) I know, it's okay, start now Let's go, *it's about to go, go*  Down, down, baby (It's going down) Leave your body to the rhythm It goes down, down, baby (It's going down) Let it go and scream Oh-oh, oh-oh, oh (Oh) We're oh-oh, oh-oh, oh (Oh) Goin' ko ko bop (Goin' ko ko bop)  Down, down, baby (Down, down, down, yeah) Whisper by my ear It goes down, down, baby (We're going down, yeah) My heart, make it burn Oh-oh, oh-oh, oh (Oh) I'm going crazy oh-oh, oh-oh, oh (Oh) Goin' ko ko bop"
The War,다이아몬드 (Diamond),"Heat spreading all over, enduring the test of time Feels like I’m born again, dazzling and shining Everyone holds their hand out But I’ll only show you, oh Measure the worth (Measure the worth) It’s a clearer chance (Wooh) How dare you compare me (Uh huh) You can’t handle me Blow up (Blow up) Right in front of you We glow up (Glow up) Everyone wants me We drive ’em crazy crazy We do it daily daily We shine so much that we are blinding, we be Shinin’ shinin’ just likе a diamond Blindin’ blindin’ you like a diamond Shinin’ shinin’ just like a diamond Blindin’ blindin’ you like a diamond Shinin’ shinin’ just likе a diamond Blindin’ blindin’ you like a diamond I’m not gonna avoid it (No no) The more I clash and break The clarity grows I become more complete I can’t get any more flashy Now forever, I’ll stay by your side Never changing, oh I’m complete (I’m complete) Even more perfectly (Even more perfectly) Once they put their guards down (What?) I’ll break down common sense Blow up (Blow up) Right in front of you We glow up (Glow up) The realness comes out We drive ’em crazy crazy We do it daily daily We shine so much that we are blinding, we be Shinin’ shinin’ just like a diamond Blindin’ blindin’ you like a diamond Shinin’ shinin’ just like a diamond Blindin’ blindin’ you like a diamond Oh if you want baby (If you want) Baby, I’ll self authenticate myself for you My value is forever I’m finding my place (I’m finding) Shine on, shine on I’m finding my place (I’m finding) Shine on, shine on That light is only one (Shine on) Shine on, shine on, shine on I’m complete (I’m complete) Even more perfectly (Even more perfectly) Once they put their guards down (So what?) I’ll break down common sense Blow up (Blow up) Right in front of you We glow up (Glow up) Everyone wants me We drive ’em crazy crazy We do it daily daily We shine so much that we are blinding, we be Shinin’ shinin’ (Like a what) Just like a diamond Blindin’ blindin’ (Like a what) You like a diamond Shinin’ shinin’ just like a diamond Blindin’ blindin’ you like a diamond Shinin’ shinin’ just like a diamond"
The War,전야 (前夜) (The Eve),"Past your flustered face I see the walls crumbling down And gradually, dawn is coming It’s connecting endlessly Can’t cut it off with this dull blade So the problem keeps repeating Like homework that can’t be solved  Fallen in front of a high wall The small and weak sound of the wind Gets entangled and turns into a storm Listen to it  We must break it apart and clash against it So we can see ourselves We must shout out loud So it spreads wide and far The moment soft lights spread out And chases away the darkness We must wake up again To the new morning  They look at me with arrogance Already sitting at a different start line The distance is far, yeah As if our shouts won’t be heard  Countless and earnest dreams That grew as they were trampled Blossomed over the wall, confidently Look at that scene  We must break it apart and clash against it So we can see ourselves We must shout out loud So it spreads wide and far The moment soft lights spread out And chases away the darkness We must wake up again To the new morning  Distorted truths, the lies that were taught A voice of change, a wave is rising The one to create an ocean that will swallow it all It’s you  We must break it apart and clash against it So we can see ourselves We must shout out loud So it spreads wide and far The moment soft lights spread out And chases away the darkness We must wake up again To the new morning"
